publisher_id,name,phone,address,url,contact_email
1,qwe,124,777,a.com,1p@mail.com
2,wgr,135,769,b.com,2p@mail.com
3,dgf,146,761,c.com,3p@mail.com
4,bxc,157,753,d.com,4p@mail.com
5,xcb,168,745,q.com,5p@mail.com
6,ret,179,737,o.com,6p@mail.com
7,odj,190,729,p.com,7p@mail.com
8,pjg,201,721,g.com,8p@mail.com
9,mmn,212,713,z.com,9p@mail.com
10,ffg,223,705,n.com,10p@mail.com
11,ppk,234,697,l.com,11p@mail.com
12,qet,245,689,r.com,12p@mail.com
13,llk,256,681,w.com,13p@mail.com
14,ppa,267,673,v.com,14p@mail.com
15,aye,278,665,i.com,15p@mail.com